{
    "width": 1920,
    "height": 1080,
    "musicVolume": 0.05210603401064873,
    "effectVolume": 0.12061502039432526,
    "fullScreen": true
}